{
  "assetsByChunkName": {
    "component---src-pages-index-js": [
      "component---src-pages-index-js-dbc20fc0f24bd80ea662.js",
      "component---src-pages-index-js-dbc20fc0f24bd80ea662.js.map"
    ],
    "path---index": [
      "path---index-a0e39f21c11f6a62c5ab.js",
      "path---index-a0e39f21c11f6a62c5ab.js.map"
    ],
    "component---src-pages-404-js": [
      "component---src-pages-404-js-f6662393a31fb18d5e07.js",
      "component---src-pages-404-js-f6662393a31fb18d5e07.js.map"
    ],
    "commons": [
      "commons-eef92a68af65d2662677.js",
      "build-js-styles.css",
      "commons-eef92a68af65d2662677.js.map",
      "build-js-styles.css.map"
    ],
    "path---404-html": [
      "path---404-html-a0e39f21c11f6a62c5ab.js",
      "path---404-html-a0e39f21c11f6a62c5ab.js.map"
    ],
    "app": [
      "app-a0aa5a4f8d22567118de.js",
      "build-js-styles.css",
      "app-a0aa5a4f8d22567118de.js.map",
      "build-js-styles.css.map"
    ],
    "path---404": [
      "path---404-a0e39f21c11f6a62c5ab.js",
      "path---404-a0e39f21c11f6a62c5ab.js.map"
    ]
  }
}